feature,mean,std,min,max
EXT_SOURCE_MEAN,911649.4428011576,25081.588941326398,891652.308303833,939791.1096401215
EXT_SOURCE_INCOME_INTERACTION,274280.89789072674,59103.205756989104,216885.71551322937,334955.5701007843
RISK_SCORE_1,257819.72879219055,41649.951037842045,219155.2035293579,301921.1110305786
RISK_SCORE_2,249286.43429470062,7050.362787362997,243187.4377040863,257005.97497463226
ANNUITY_CREDIT_PERCENT,202894.2940648397,5773.603859777169,199033.1685810089,209531.58433532715
EXT_SOURCE_CREDIT_INTERACTION,137512.78538449606,16038.729209215098,119856.3100643158,151181.21871185303
CREDIT_GOODS_RATIO,122882.49414563179,6051.966230332225,117085.23806381226,129160.49516010284
EXT_SOURCE_WEIGHTED,115649.75940513611,20412.973480706565,103852.33995437622,139220.62681007385
EXT_SOURCE_MIN,104865.76007715861,18373.23584240348,86488.34574890137,123234.81458091736
AMT_ANNUITY,97397.37330929439,8240.06697011999,88051.63603782654,103616.7217578888
POS_RECENT_CNT_INSTALMENT_FUTURE_mean,85275.53104686737,2543.7564518702447,83662.22685813904,88207.89104270935
WORKING_AGE_RATIO,84102.35599581401,7161.320801329794,79303.70431900024,92333.85314369202
DAYS_BIRTH,79279.15796120961,3524.3649655965482,75896.58438682556,82929.98434257507
RECENT_PAY_PAYMENT_DELAY_max,76581.95129521687,6791.378387063454,68964.58776283264,82004.5258731842
DAYS_ID_PUBLISH,75881.16552607219,5035.774449508428,70604.7499332428,80635.64437675476
CC_RECENT_UTILIZATION_max,72235.26933670044,3765.604633399737,68947.69341850281,76343.53730010986
AGE_YEARS,71073.49175198872,2250.83004041556,68715.28583145142,73198.84230041504
EXT_SOURCE_PROD,68710.5602016449,7217.056018416935,60612.4444732666,74462.9350681305
EXT_SOURCE_3,67627.03701146443,6244.827225429697,63514.01848602295,74812.89087486267
DAYS_CREDIT_max,65546.57215754192,8438.5767868685,57479.903341293335,74313.42733192444
NAME_EDUCATION_TYPE,65258.44985262553,2084.6014533590105,63293.245334625244,67444.81355857849
PREV_REFUSAL_RATE,63662.52462704977,3973.740092397066,59256.17084693909,66974.14416122437
CODE_GENDER,62516.43448511759,2994.0094685942568,59678.5871219635,65645.34631156921
CNT_INSTALMENT_FUTURE_mean,62355.5303328832,6745.067997499232,56275.363651275635,69611.01663589478
AMT_PAYMENT_sum,61657.0784146587,6031.7383879771905,54994.162211596966,66745.24614906311
AMT_GOODS_PRICE,61607.43231741587,6498.5094102159,54763.10087585449,67693.61190700531
AMT_DOWN_PAYMENT_max,60498.21434108416,3029.3148575765854,58250.923780441284,63943.284261226654
CNT_PAYMENT_mean,58653.68465105692,4337.790458081125,54430.69593048096,63097.817165374756
DAYS_REGISTRATION,58111.56322701772,12976.74189044258,43161.37601852417,66461.16064167023
DAYS_LAST_PHONE_CHANGE,55686.6078414917,9191.369121362011,47179.91516876221,65436.17116355896
EXT_SOURCE_2,53880.99566205343,12597.886912209304,42086.768297195435,67152.31474590302
AMT_CREDIT,53406.60188102722,2786.1965637062917,51523.41431236267,56607.19870376587
INCOME_PER_AGE,51763.2052582105,7064.020020505207,43968.0856590271,57741.02025270462
ANNUITY_INCOME_RATIO,51493.42400487264,9284.576807370637,40780.665897369385,57211.71021461487
AMT_PAYMENT_min,50598.16394074758,9126.353913718793,40572.616830825806,58422.812247276306
REGION_POPULATION_RELATIVE,47783.78525002798,9639.399650575537,37004.03431510925,55574.8589515686
RECENT_PAY_PAYMENT_DELAY_sum,47710.06844393412,2005.6804803610703,45453.90517616272,49290.974184036255
EMPLOYMENT_YEARS,46836.11444155375,5518.618971426199,40926.77812385559,51855.96142196655
EXT_SOURCE_MAX,46622.6466849645,10425.774233863602,36431.926429748535,57268.56389141083
RECENT_AMT_CREDIT_SUM_sum,44137.28762435913,6391.935678272542,36872.46925354004,48898.25883483887
CREDIT_AMOUNT_TREND,42692.99502595266,4380.8601755035725,38192.137912750244,46943.086007118225
EXT_SOURCE_1,42613.078201293945,3502.881433538409,38592.667932510376,45007.21599960327
AVG_TIME_BETWEEN_APPS,42226.24215872089,4476.249299105001,37245.80172729492,45913.63304710388
DAYS_EMPLOYED,40604.93708626429,3065.947731020518,38168.05789756775,44047.3933968544
DAYS_DECISION_max,40150.5214881897,3076.8605663898943,36617.92716217041,42244.92525100708
DEBT_PER_EXPERIENCE,40011.49762980143,8045.634173377074,30991.181718826294,46447.18276023865
AMT_CREDIT_SUM_mean,38995.922454833984,1343.660226629247,37701.60858345032,40384.01562690735
AMT_DOWN_PAYMENT_mean,38104.18532435099,6962.803256008423,31163.130882263184,45088.53547859192
AMT_CREDIT_SUM_max,37973.30081939697,6837.043941386878,33393.94470977783,45832.29598426819
PAYMENT_DELAY_std,37553.117668787636,7644.337035986348,29359.446977615356,44493.139461517334
AMT_INSTALMENT_sum,37324.5632985433,3878.07913167911,32846.68058395386,39593.87812042236
DAYS_CREDIT_mean,37292.44424931208,1908.0417967508058,36072.74840927124,39491.279281139374
DAYS_DECISION_mean,36912.72359720866,7772.166788066731,27981.703924179077,42142.59086418152
LATE_PAYMENT_mean,36309.35318271319,1897.4420646079193,34451.93241119385,38244.43201327324
RATE_DOWN_PAYMENT_max,36198.47761917114,5351.494047700707,31516.44426727295,42031.97354507446
POS_MONTHS_COUNT,35801.359326680504,565.2091205062158,35423.817251205444,36451.17031478882
PAYMENT_DELAY_mean,35186.486012776695,5338.425205045524,29040.73857498169,38673.03229904175
MONTHS_BALANCE_max_y,34844.35874430338,3471.418618766444,31025.123260498047,37807.93448638916
DAYS_DECISION_min,34811.42342503866,9632.808978359595,24182.958736419678,42966.04528236389
OLD_AMT_CREDIT_SUM_sum,34184.73618809382,2371.3999622520882,31475.072073459625,35881.369460105896
DAYS_CREDIT_min,33964.296084721886,7219.519946912517,25987.979537963867,40051.32286834717
MONTHS_BALANCE_min_y,33752.619719187416,4340.862493026132,29507.072872161865,38182.89962387085
POS_ACTIVE_COUNT,33179.0706653595,1280.0944303615638,31816.958126068115,34357.247467041016
RECENT_AMT_CREDIT_SUM_max,33094.27861952782,2168.001136886682,30762.399118423462,35048.87699317932
AMT_PAYMENT_mean,33007.68360519409,5180.026657249051,27449.030164718628,37699.78451919556
AMT_INSTALMENT_max,32812.85148239136,659.2870655443107,32136.3988571167,33453.51509284973
AVG_CREDIT_PER_BUREAU_LOAN,32808.71131896973,5849.0478486985385,27104.64875984192,38792.69302558899
PAYMENT_DELAY_TREND,32729.13495540619,5984.742863621644,25876.56552886963,36929.284214019775
RECENT_PAY_PAYMENT_DELAY_mean,32529.28651682536,6676.979777893595,26406.2173538208,39648.29284477234
OCCUPATION_TYPE,32177.603613535564,5379.738043349722,25970.987701416016,35504.56443595886
PAYMENT_DELAY_max,31626.97490151723,4217.453615649721,27558.281993865967,35978.91030025482
INCOME_PER_FAMILY_MEMBER,31248.81718126933,3927.4128450311437,26788.703254699707,34189.584688186646
PREV_LOAN_AMOUNT_TREND,31119.57996590932,5058.492583892122,25560.245428085327,35451.24492931366
INCOME_CREDIT_RATIO,30574.560167312622,2638.807389868901,27590.93349456787,32601.895071029663
OLD_AMT_CREDIT_SUM_mean,30563.371806144714,3983.983098026642,26122.823574066162,33824.44843673706
POS_COMPLETION_RATE,30474.339651743572,6206.892226613728,23964.222995758057,36325.4135723114
ORGANIZATION_TYPE,30148.506239573162,4343.028264374729,25659.630239486694,34329.27806854248
OWN_CAR_AGE,29926.763160069782,2107.84797105936,28181.192281723022,32268.480115890503
AMT_CREDIT_SUM_sum,29627.796930631,2948.8153264157545,26309.514808654785,31948.19788646698
CNT_INSTALMENT_mean,29620.83612569173,3715.5010140795466,25359.94677734375,32185.52066040039
PAYMENT_IMPROVEMENT,29285.34021981557,5578.261832453039,23004.26333808899,33662.025891304016
LATE_PAYMENT_RATIO,28891.97859096527,4390.258057753504,25269.916034698486,33774.63206958771
AMT_INSTALMENT_mean,28508.19499047597,3019.918920832022,25113.94556427002,30897.572123527527
AMT_PAYMENT_max,28450.20471604665,1701.7329162619067,26540.929250717163,29807.204619407654
AMT_APPLICATION_mean,27606.325861612957,4382.433238679864,22815.352712631226,31412.717573165894
RATE_DOWN_PAYMENT_mean,27413.644196192425,3208.032788753033,23967.11947631836,30312.736003875732
OLD_PAY_PAYMENT_DELAY_mean,27405.34762128194,1998.0747652659377,25578.80972480774,29539.322206497192
PAYMENT_DELAY_min,27212.112850824993,2848.9963547527022,23929.288829803467,29038.13272857666
OLD_PAY_NUM_INSTALMENT_NUMBER_count,26405.961208661396,5306.123707282292,20742.87010383606,31262.84578227997
PREV_AMOUNT_VOLATILITY,26344.759163220722,1731.1337900065378,25081.481777191162,28318.009530067444
NAME_FAMILY_STATUS,25942.595842997234,6245.698920497949,19856.77117729187,32336.748037338257
CREDIT_INCOME_PERCENT,25938.779059092205,4906.017833218621,20276.842992782593,28930.59163093567
RECENT_AMT_CREDIT_SUM_mean,25674.38556925456,2578.4094940554196,23008.311082839966,28155.129501342773
NUM_INSTALMENT_NUMBER_max,25608.797020276386,2515.540439286648,23816.11105155945,28484.445808410645
BUREAU_TO_PREV_RATIO,25578.681054115295,4174.083371365446,20784.754066467285,28407.69780731201
DOCUMENT_COUNT,25439.644008636475,4655.630933639028,20956.890644073486,30250.76602745056
BUREAU_DEBT_CREDIT_RATIO,25157.912791252136,3982.0097178079204,21508.1743183136,29404.756057739258
RECENT_PAY_LATE_PAYMENT_mean,24962.703752040863,1841.848519347708,23331.448246002197,26960.13524246216
PAYMENT_DIFF_mean,24749.67373784383,6006.096962560884,18904.125505447388,30904.378410339355
AMT_CREDIT_mean,24617.551849047344,2981.293313832267,21190.435340881348,26612.649003982544
CNT_PAYMENT_sum,24358.853925069172,1376.1470946520308,23397.12403869629,25935.203941345215
INST_COUNT,23661.82092666626,3939.1293769994268,19176.47941017151,26558.72700881958
CNT_PAYMENT_max,23617.85992558797,8300.995610210839,16080.437973022461,32514.629096984863
EXT_SOURCE_3_SQUARED,23567.424501736958,4030.0320260308717,18952.529886245728,26392.77034854889
BUREAU_ACTIVE_LOANS,23211.357058842976,2953.4825939938555,20881.04286956787,26532.96639442444
AMT_CREDIT_sum,21746.11836687724,2773.2084073129827,18834.901000976562,24356.843908309937
AMT_INCOME_TOTAL,21628.476187149685,3019.3340013132433,18192.208387374878,23856.92912220955
AMT_CREDIT_SUM_DEBT_max,21546.0800075531,2617.354473297409,19372.815937042236,24451.567974090576
AMT_CREDIT_SUM_DEBT_mean,21445.951683680218,1107.3886290872088,20178.72121810913,22227.56957244873
AMT_CREDIT_max,21267.086030960083,2689.375704040777,18601.886783599854,23980.003156661987
BUREAU_ACTIVE_RATIO,21090.879631996155,5755.275988583961,14447.921220779419,24575.23721218109
CNT_INSTALMENT_FUTURE_sum,21031.814647038776,3816.3408503252376,18128.05050086975,25354.336513519287
PREV_APPROVAL_RATE,20638.95096842448,2858.4856369364234,17817.023191452026,23532.643035888672
NAME_INCOME_TYPE,20626.547827402752,2326.680403913778,17945.23588371277,22113.376291275024
PAYMENT_DIFF_sum,20430.209853490192,1993.142320890265,18137.92615890503,21754.376724243164
EXT_SOURCE_2_SQUARED,20203.257857004803,4889.4026289818385,15245.846803665161,25021.68875312805
AMT_APPLICATION_max,20148.57709503174,2513.6224533984464,17373.55837249756,22272.802925109863
INST_PAYMENT_RATIO,19267.79843870799,867.7338535373663,18273.39600753784,19871.465114593506
HOUR_APPR_PROCESS_START,19069.498752911884,2444.9695841190623,17390.624111175537,21874.619471549988
AMT_CREDIT_SUM_DEBT_sum,18852.153081258137,2935.445325120719,15654.538898468018,21424.760414123535
PAYMENT_DELAY_STD,18184.639945030212,2985.095371929549,14763.74439048767,20261.010642051697
RECENT_TO_OLD_CREDIT_RATIO,18139.058466593426,3106.879107659181,15100.062211990356,21309.639303207397
AMT_CREDIT_min,18124.554151535034,3798.021349513351,13807.106163024902,20950.135192871094
UNDERPAYMENT_mean,18108.44958941142,2829.8937066179496,14937.208923339844,20376.508834838867
BUREAU_STATUS_0_RATIO,17624.331904093426,1625.043411091685,15748.691320419312,18609.537727355957
RECENT_CREDIT_COUNT,17450.532591501873,1985.4597658641048,15290.46148109436,19195.865133285522
CONSECUTIVE_GOOD_MONTHS,17171.851215998333,1833.0363693318511,15548.261610031128,19159.65193939209
FLAG_OWN_CAR,16988.28412946065,1566.3224675739998,15190.637197494507,18059.488578796387
FLAG_DOCUMENT_3,16720.17775440216,6288.26536084039,11761.921049118042,23793.22045993805
AMT_APPLICATION_min,16712.624207814533,4236.2374497260535,12086.931137084961,20403.12470626831
RECENT_PAY_NUM_INSTALMENT_NUMBER_count,16615.65433057149,1382.36446119343,15445.19933128357,18140.806201934814
RECENT_PAY_PAYMENT_DIFF_mean,15804.821809132894,163.81917913255305,15647.746213912964,15974.640308380127
AMT_CREDIT_LIMIT_ACTUAL_mean,15273.651998519897,901.8927817760629,14587.412899017334,16295.164880752563
CNT_DRAWINGS_CURRENT_mean,15233.919315338135,5326.111611451195,9118.038431167603,18852.632131576538
TOTALAREA_MODE,15197.092560450235,3339.4051623583377,12385.369018554688,18888.186241149902
CNT_INSTALMENT_FUTURE_max,14999.885739008585,6892.918670871232,8870.462781906128,22461.75066757202
EXT_SOURCE_1_SQUARED,14813.733208974203,1521.9863873464362,13124.628690719604,16078.567525863647
APPROVAL_RATE_IMPROVEMENT,14574.890975316366,2757.1630945737816,11899.431297302246,17407.072206497192
DOWN_PAYMENT_TREND,14566.967714945475,1636.5941589605393,13160.400402069092,16363.236612319946
PAYMENT_DIFF_std,14472.654080708822,3594.8455242558093,10466.126108169556,17415.978994369507
SK_DPD_DEF_mean_x,14292.17352104187,2220.270934588636,11732.558103561401,15697.995946884155
PAYMENT_DIFF_min,14049.091432571411,3135.6721808751954,10648.5594997406,16826.263595581055
WEEKDAY_APPR_PROCESS_START,13952.696321169535,1199.8958234799634,12930.40280532837,15273.7424325943
BUREAU_CLOSED_LOANS,13875.855726877848,1255.28031106588,12526.82518196106,15009.518144607544
CC_PAYMENT_DRAWING_RATIO,13798.196082750956,2130.9493940086977,12067.003396987915,16178.115453720093
APARTMENTS_MODE,13565.40588760376,1883.9865834302618,11441.399099349976,15034.658369064331
OLD_PAY_PAYMENT_DELAY_max,13472.351655960083,2396.8575486864443,10706.151382446289,14933.092914581299
CNT_INSTALMENT_max,13220.035585403442,2679.0599867382543,10437.793821334839,15782.356914520264
AMT_DRAWINGS_ATM_CURRENT_mean,13090.433440526327,422.0665489565237,12716.205894470215,13547.927463531494
DEF_30_CNT_SOCIAL_CIRCLE,12859.040469487509,3033.094455672653,10487.252508163452,16276.666597366333
APARTMENTS_AVG,12680.003336588541,1527.7020179124686,10916.44236946106,13597.32241821289
BUREAU_STATUS_C_RATIO,12289.796304066977,1845.4889183137868,10854.221717834473,14371.465393066406
CREDIT_ACTIVITY_SCORE,12104.236204147339,302.4242075466847,11755.046701431274,12282.058912277222
OLD_PAY_LATE_PAYMENT_mean,11932.787176767984,1634.4198809849406,10172.053712844849,13401.534397125244
BASEMENTAREA_MODE,11711.91700998942,2009.6302982411805,9646.522891998291,13660.705924987793
DEF_60_CNT_SOCIAL_CIRCLE,11701.721909840902,4632.661647994924,7397.799875259399,16604.818199157715
TOTAL_CREDIT_EXPERIENCE,11593.440825780233,2798.2385785805886,8563.1273021698,14079.699592590332
CNT_DRAWINGS_CURRENT_max,11471.523623784384,802.1970970562719,10615.686117172241,12206.324771881104
CC_RECENT_UTILIZATION_mean,11438.755281448364,4606.718228076537,6159.621639251709,14643.931352615356
YEARS_BEGINEXPLUATATION_MODE,11360.8983929952,526.5956497457379,10984.785692214966,11962.726909637451
YEARS_BEGINEXPLUATATION_AVG,11267.15223312378,1082.555335744339,10234.066120147705,12393.183490753174
NONLIVINGAREA_AVG,11263.762392044067,322.7962624366279,10895.810485839844,11499.274478912354
CC_UTILIZATION_TREND,11248.674383163452,1894.4134822562316,9397.109008789062,13183.2096118927
LANDAREA_MODE,11194.9477074941,1093.1486977772308,10009.16340637207,12162.554107666016
REGION_RATING_CLIENT_W_CITY,11117.752272923788,3402.7436361701048,7484.014781951904,14229.081577301025
LIVINGAREA_MODE,10947.055060068766,1959.352584888297,8684.58998298645,12079.46367073059
OLD_MONTHS_COUNT,10783.903521219889,2286.2604525906786,8241.67487335205,12671.29049873352
OLD_CREDIT_COUNT,10683.360205968222,1348.475911571887,9508.546321868896,12155.779315948486
BUREAU_STATUS_X_RATIO,10642.499294281006,3621.7536013481567,6653.725900650024,13725.170999526978
CC_PAYMENT_DRAWING_TREND,10331.216623942057,1350.2792572119497,8828.41586303711,11442.403715133667
APARTMENTS_MEDI,10281.230866750082,1632.2024105313367,8705.887697219849,11964.89638710022
YEARS_BEGINEXPLUATATION_MEDI,10226.642356236776,364.78002908781207,9917.047178268433,10628.780982971191
LANDAREA_AVG,10110.10625076294,2786.6274326119014,7076.474424362183,12555.954404830933
LIVINGAPARTMENTS_AVG,9971.504811604818,1447.0630413309457,8869.645000457764,11610.285884857178
LIVINGAREA_AVG,9892.043490091959,2571.0838178665877,7093.35608291626,12149.282056808472
LIVINGAREA_MEDI,9829.992287317911,2647.3332095923884,7140.867000579834,12433.45405960083
FLAG_WORK_PHONE,9664.397614796957,1269.0113743108436,8310.32349205017,10826.462841033936
MONTHS_BALANCE_min_x,9479.268923441568,936.0042470987981,8414.221004486084,10171.03687286377
BUREAU_BALANCE_MONTHS,9444.464922587076,791.5912681427585,8560.642585754395,10088.267877578735
COMMONAREA_MEDI,9289.906644185385,1387.6546949500384,7723.715003967285,10366.035503387451
CC_UTILIZATION_MAX,9264.678181966146,2724.8515553956354,6492.9296016693115,11940.076940536499
NONLIVINGAREA_MODE,9256.547588984171,1171.3905520961148,7904.181264877319,9954.749370574951
LANDAREA_MEDI,9252.233084996542,1951.1030235688313,7131.0304889678955,10970.236595153809
BASEMENTAREA_AVG,9135.712773005167,2083.261434340425,7678.1100025177,11521.778116226196
AMT_REQ_CREDIT_BUREAU_QRT,9135.272514343262,3605.3694030331717,5999.8196086883545,13074.78939628601
NONLIVINGAREA_MEDI,9129.079244613647,2136.7131042320366,7154.2153968811035,11397.322425842285
CREDIT_PER_INCOME,9091.1559715271,937.9053498770212,8055.419910430908,9883.07610321045
LIVINGAPARTMENTS_MODE,9003.78729057312,1254.3266807908883,7557.594776153564,9795.664581298828
LAST_3_PAYMENTS_LATE_RATE,8917.678001403809,4147.383461233223,5380.4229946136475,13482.134511947632
BUREAU_LOAN_COUNT,8875.403739372889,1712.6439740998399,6898.82400894165,9918.454986572266
LIVINGAPARTMENTS_MEDI,8814.274516423544,2400.7630731768136,6072.301071166992,10538.60180091858
BASEMENTAREA_MEDI,8801.05656750997,728.9539768863357,8028.097503662109,9476.109512329102
EXT_SOURCE_3_CUBED,8790.485052108765,950.1635709991156,7735.1780071258545,9578.054122924805
YEARS_BUILD_MODE,8757.263778209686,852.5797678829666,8256.769863128662,9741.6916680336
RECENT_PAY_PAYMENT_DIFF_min,8688.264747301737,1062.1908294458694,7552.364231109619,9656.89801120758
YEARS_BUILD_AVG,8624.96732966105,1765.2906203547655,6959.965412139893,10475.838277816772
RECENT_MONTHS_COUNT,8621.41120592753,2114.6019036928287,6519.05100440979,10748.04581451416
OWN_CAR_AGE_MISSING,8511.597625732422,919.3660257261537,7665.416217803955,9489.860967636108
MONTHS_BALANCE_min,8403.405902226767,2126.329290413555,5977.25559425354,9943.011703491211
APPROVAL_SUCCESS_RATE,8333.08957417806,2097.0206689688316,6331.71798324585,10514.190340042114
REG_CITY_NOT_LIVE_CITY,8181.1466185251875,1566.1351270589828,6941.8925132751465,9941.372716903687
COMMONAREA_MODE,8138.3150062561035,1847.8231813340424,7007.914215087891,10270.709087371826
OBS_60_CNT_SOCIAL_CIRCLE,7993.053711573283,231.34588398342544,7738.484519958496,8190.458297729492
COMMONAREA_AVG,7992.227255503337,2339.027918368433,5939.515584945679,10538.725419998169
REGION_RISK_SCORE,7948.483172734578,1539.2070032932295,7050.440521240234,9725.77320098877
RECENT_PAY_PAYMENT_DIFF_std,7811.879700660706,1230.4837466094589,6391.137912750244,8536.736095428467
OBS_30_CNT_SOCIAL_CIRCLE,7784.450128555298,1648.333709299296,6601.036264419556,9667.146114349365
CNT_FAM_MEMBERS,7665.420113881429,2065.1044428176,5281.266725540161,8896.430410385132
PREV_REFUSED_COUNT,7539.992276509603,1025.9444550061412,6939.550399780273,8724.613683700562
OLD_APPROVAL_RATE,7491.436599731445,1715.838052244592,6185.33829498291,9434.71078491211
ENTRANCES_AVG,7386.098960876465,680.023536338307,6680.22500038147,8036.925977706909
PREV_CASH_LOAN_COUNT,7340.758061091105,1349.9798140158643,5842.84210395813,8463.388807296753
POS_COMPLETED_COUNT,7259.264482498169,1195.6012159339102,6249.353227615356,8579.40212059021
FLOORSMAX_AVG,7229.482604344686,520.0024687507264,6666.689701080322,7692.126617431641
CC_MONTHS_COUNT,7176.823263168335,2485.9779205180785,4415.070709228516,9235.65849494934
AMT_CREDIT_LIMIT_ACTUAL_min,6974.387429873149,2036.2972276450578,4955.459482192993,9027.6204662323
PREV_APPROVED_COUNT,6887.990749359131,1844.8190813362469,5699.7590045928955,9013.261882781982
YEARS_BUILD_MEDI,6844.133466720581,108.57037465899718,6754.135206222534,6964.715406417847
RECENT_PAY_PAYMENT_DIFF_max,6754.75864092509,857.1924389406826,5765.588207244873,7279.9259967803955
LATE_PAYMENT_sum,6587.777798016866,1711.2465158386674,5407.5725021362305,8550.360403060913
SK_DPD_DEF_max_x,6558.649218241374,1172.589209356097,5442.871917724609,7780.801532745361
CC_SPENDING_TREND,6482.405384063721,1012.3296865115962,5544.816028594971,7555.771020889282
CC_UTILIZATION_MEAN,6467.56311416626,1677.2762660836927,4635.598793029785,7927.774745941162
SK_DPD_mean_x,6460.795630137126,316.56925660541884,6100.5153160095215,6694.458358764648
RECENT_PAY_UNDERPAYMENT_mean,6297.41859404246,1391.4341694946604,5164.334581375122,7850.459213256836
AMT_PAYMENT_CURRENT_max,6272.170332590739,1314.0384358194506,4986.154306411743,7612.544172286987
AMT_DRAWINGS_POS_CURRENT_sum,6165.633032480876,1595.4450650979,4521.041097640991,7706.909515380859
AMT_REQ_CREDIT_BUREAU_YEAR,6123.618915557861,1899.6689381016495,4016.483907699585,7705.133972167969
AMT_BALANCE_max,6109.631671269734,1505.3952050525816,5085.187917709351,7838.0364990234375
POS_DPD_IMPROVEMENT,6108.183677037557,1808.6921117191594,4631.2376136779785,8125.46079826355
UNDERPAYMENT_sum,6044.861470540364,1335.3658013460777,4582.508306503296,7199.528596878052
AMT_CREDIT_LIMIT_ACTUAL_max,5933.562436421712,1082.1265645229323,5287.718894958496,7182.854808807373
CC_RECENT_AMT_BALANCE_max,5763.567385991414,1312.2603827482235,4268.248607635498,6723.461610794067
PAYMENT_DIFF_max,5469.512241363525,1353.4019256550753,4651.55290222168,7031.706401824951
EXT_SOURCE_1_CUBED,5312.812164942424,824.4919779797984,4361.013820648193,5807.338081359863
NAME_TYPE_SUITE,5309.138982137044,1957.3932926481616,3102.4631958007812,6835.9446811676025
CC_SPENDING_ACCELERATION,5304.123588562012,1172.3864600269642,4038.7245960235596,6353.433279037476
PREV_APP_COUNT,5102.812765757243,1622.8903732313959,3336.390905380249,6527.861791610718
SK_DPD_sum_x,5100.212258974711,1771.5251275412893,3356.9277839660645,6898.688196182251
EXT_SOURCE_2_CUBED,5024.691403706868,983.2009676955427,3889.389902114868,5593.762802124023
AMT_PAYMENT_CURRENT_sum,4998.34736887614,1529.4740925776105,3485.9396953582764,6544.334892272949
AMT_DRAWINGS_POS_CURRENT_max,4855.968398412068,1652.7289507442756,2959.5097064971924,5988.849597930908
BUREAU_STATUS_1_RATIO,4641.887400945027,1183.1537130103877,3863.4223194122314,6003.40940284729
CC_RECENT_AMT_DRAWINGS_CURRENT_max,4367.589167912801,2732.9376862142467,2495.4027156829834,7503.713487625122
ELEVATORS_AVG,4350.238916397095,467.2003384335447,4016.0624103546143,4884.097810745239
NAME_HOUSING_TYPE,4344.506052652995,1194.32242143695,2965.4249897003174,5036.805696487427
CC_OLD_AMT_PAYMENT_CURRENT_mean,4338.300704956055,838.6371160752689,3526.416389465332,5201.347999572754
FLOORSMAX_MEDI,4284.529806137085,394.01797122032895,3846.16961479187,4609.2107009887695
FLOORSMIN_AVG,4225.6004066467285,732.0587665290857,3771.595001220703,5070.113721847534
SK_DPD_DEF_sum_x,4220.110577265422,306.13744218235206,3895.3014183044434,4503.32240486145
AMT_CREDIT_SUM_OVERDUE_sum,4195.043830553691,470.688623024636,3799.806781768799,4715.754503250122
WALLSMATERIAL_MODE,4172.132143338521,583.0088824015226,3635.27091217041,4792.321725845337
CC_RECENT_AMT_PAYMENT_CURRENT_max,4121.040916442871,1035.2170099126424,3483.819190979004,5315.514560699463
AMT_BALANCE_sum,4107.249322891235,335.3546248960346,3851.8991050720215,4487.035367965698
AMT_DRAWINGS_ATM_CURRENT_sum,4093.8010330200195,229.43267601543954,3846.3288955688477,4299.436483383179
CC_RECENT_AMT_DRAWINGS_CURRENT_sum,4080.170562108358,1290.2523228109937,2655.139789581299,5169.138507843018
CONTACT_INFO_COUNT,4059.084660847982,380.6484046604323,3827.8711013793945,4498.417289733887
POS_DPD_TREND,4030.9590180714927,431.0538416873145,3559.8459815979004,4405.608291625977
AMT_BALANCE_mean,4011.0443795522056,779.7042849101709,3534.6876907348633,4910.85101890564
ENTRANCES_MODE,4010.3998991648355,1041.2275991531346,2811.857889175415,4691.9976978302
AMT_DRAWINGS_ATM_CURRENT_max,3980.079708735148,47.697609943820055,3930.784507751465,4026.0005168914795
CC_UTILIZATION_IMPROVEMENT,3939.772040049235,1188.7217183684581,2578.931221008301,4775.574310302734
ENTRANCES_MEDI,3908.8782682418823,308.16115041268284,3681.367109298706,4259.577509880066
RECENT_APPROVAL_RATE,3786.3831049601235,968.6923977960969,2736.8744983673096,4646.195201873779
SK_DPD_max_x,3785.2031332651773,648.0903715695559,3041.2821941375732,4227.572103500366
AMT_DRAWINGS_POS_CURRENT_mean,3768.2827701568604,1478.6716870474713,2788.6091136932373,5469.172695159912
AMT_DRAWINGS_CURRENT_mean,3748.681470235189,1152.3441534853164,2882.6449871063232,5056.561218261719
AMT_PAYMENT_CURRENT_mean,3727.473899205526,339.0796472400396,3391.458501815796,4069.536895751953
REGION_RATING_CLIENT,3724.6567096710205,1089.2352195280148,3035.9994831085205,4980.438438415527
NAME_CONTRACT_TYPE,3715.1796239217124,884.7233287230454,3059.7595024108887,4721.530765533447
CNT_CHILDREN,3712.113976160685,2015.8946787613813,2015.9584064483643,5940.816101074219
FLOORSMAX_MODE,3694.3306032816567,890.0186490764332,2689.6006050109863,4383.835706710815
STATUS_NUMERIC_mean,3643.596502304077,1496.9846398731675,2433.3523960113525,5317.57070350647
NONLIVINGAPARTMENTS_AVG,3622.8711954752603,1951.6118781261014,1376.2785911560059,4899.154998779297
CC_RECENT_AMT_DRAWINGS_CURRENT_mean,3482.0118001302085,554.0754012078388,2859.460699081421,3921.0455017089844
RECENT_PAY_LATE_PAYMENT_sum,3428.2127685546875,1953.1044712958724,1293.7855892181396,5126.126396179199
BUREAU_CREDIT_TYPE_COUNT,3400.0104859670005,892.4345280974416,2555.279306411743,4333.513349533081
CNT_DRAWINGS_CURRENT_sum,3375.820841471354,574.7941960393396,2713.515396118164,3744.4167289733887
OLD_STATUS_STATUS_NUM_mean,3333.9007682800293,300.4254081795078,2997.698007583618,3576.0373001098633
CC_RECENT_AMT_PAYMENT_CURRENT_mean,3328.5544859568276,1167.94086252906,2066.694986343384,4371.6356773376465
STATUS_IMPROVEMENT,3223.836936314901,247.88120580135262,3025.28729057312,3501.657609939575
POS_RECENT_SK_DPD_mean,3163.5404205322266,671.3026468745562,2543.514274597168,3876.446689605713
AMT_CREDIT_SUM_OVERDUE_mean,3036.2082036336265,2390.3691137494393,451.79810523986816,5167.748008728027
CC_RECENT_AMT_BALANCE_mean,3017.9574540456138,1605.9599368987347,1901.211908340454,4858.424942016602
PREV_CANCELED_COUNT,2994.6579710642495,1148.3033571459086,1866.1988983154297,4161.826717376709
FONDKAPREMONT_MODE,2960.8341007232666,1236.0170097656176,1550.267915725708,3854.439594268799
AMT_DRAWINGS_CURRENT_max,2868.085968017578,361.1763482054798,2540.0855140686035,3255.15598487854
POS_OLD_SK_DPD_mean,2853.396106084188,742.9409454978928,2050.2377223968506,3516.057098388672
AMT_REQ_CREDIT_BUREAU_MON,2815.0177688598633,1198.0885695850802,1837.9839134216309,4151.750385284424
CC_OLD_UTILIZATION_mean,2807.314168612162,440.9727904115125,2298.4858989715576,3078.3820085525513
CC_RECENT_AMT_PAYMENT_CURRENT_sum,2721.3505204518638,430.50525162707737,2417.9608039855957,3214.0743827819824
FLOORSMIN_MODE,2695.8062419891357,1007.8577632798992,1949.233112335205,3842.2348976135254
EXT_SOURCE_3_SQRT,2571.193441390991,630.3169370486269,1882.7885150909424,3120.0258979797363
ELEVATORS_MEDI,2453.698266983032,811.8886752415477,1793.6187839508057,3360.2660026550293
AMT_DRAWINGS_CURRENT_sum,2423.6225605010986,456.43067564859143,1899.366683959961,2732.609794616699
POS_RECENT_SK_DPD_DEF_max,2378.5990041097007,1528.8836767210553,1113.8341102600098,4077.6410121917725
NONLIVINGAPARTMENTS_MODE,2307.099867502848,698.3131363525019,1575.3696899414062,2966.34090423584
EXT_SOURCE_2_SQRT,2275.974459966024,11.857880269656318,2262.8017807006836,2285.7964935302734
FLAG_PHONE,2273.947534879049,317.4348428988555,1936.5450916290283,2566.683320045471
POS_RECENT_SK_DPD_DEF_mean,2272.548905054728,404.9199450535052,2033.1869926452637,2740.065408706665
AMT_CREDIT_SUM_OVERDUE_max,2211.9845390319824,554.8853861088945,1831.258508682251,2848.6474075317383
NONLIVINGAPARTMENTS_MEDI,2197.427831967672,639.1918848794791,1478.3958892822266,2701.2042093276978
ELEVATORS_MODE,2176.0606899261475,865.6357003063564,1462.6753997802734,3139.0834732055664
FLOORSMIN_MEDI,2136.1945432027183,457.343900009419,1747.5829219818115,2640.17631149292
CC_OLD_AMT_DRAWINGS_CURRENT_max,2067.016773223877,458.5836828289193,1648.518711090088,2557.2347049713135
SK_DPD_mean_y,2062.668902079264,332.4981223419762,1688.2571067810059,2323.474100112915
AMT_BALANCE_min,2057.798798878988,1391.132757759978,782.6141090393066,3541.3688945770264
CC_OLD_AMT_DRAWINGS_CURRENT_mean,1943.1736310323079,608.5255013197166,1259.6342906951904,2425.953100204468
POS_OLD_SK_DPD_DEF_mean,1877.5776329040527,54.433071762817306,1830.9834003448486,1937.4081916809082
EXT_SOURCE_1_SQRT,1829.103926340739,216.79783082461165,1610.840093612671,2044.4053955078125
POS_OLD_SK_DPD_max,1763.478333791097,1172.6011762381113,655.9479961395264,2991.799602508545
RECENT_PAY_UNDERPAYMENT_sum,1708.559045791626,254.44480440896035,1418.8256015777588,1895.652027130127
SK_DPD_sum_y,1667.153772354126,980.9536283942106,1040.0620079040527,2797.606601715088
MONTHS_BALANCE_max,1649.0012677510579,728.8667001130514,1221.2254009246826,2490.585403442383
CC_RECENT_MONTHS_BALANCE_count,1622.7765992482502,585.3602277012751,1188.9219036102295,2288.562692642212
STATUS_NUMERIC_sum,1597.9530715942383,460.1469910890986,1230.2169017791748,2113.954917907715
REG_CITY_NOT_WORK_CITY,1539.7150325775146,350.13911088691077,1209.310203552246,1906.7140865325928
FLAG_OWN_REALTY,1476.3960310618083,287.07209366925025,1234.6266975402832,1793.6759090423584
POS_RECENT_SK_DPD_sum,1457.511796951294,368.4916420451422,1133.556697845459,1858.394998550415
SK_DPD_DEF_mean_y,1382.0299371083577,399.8271257940161,1134.0773086547852,1843.2766933441162
POS_RECENT_SK_DPD_max,1284.6359055836995,536.0221094497917,674.1534996032715,1678.2124118804932
FLAG_DOCUMENT_8,1281.4721031188965,637.3753858740669,832.2320041656494,2010.9534034729004
CNT_CREDIT_PROLONG_mean,1185.8049710591633,589.6094727538767,795.806806564331,1864.0901012420654
EXT_SOURCE_3_LOG,1095.4158267974854,317.29589653683985,910.4447917938232,1461.791784286499
LIVE_CITY_NOT_WORK_CITY,1080.8529307047527,673.9900129652932,451.49230194091797,1792.0069980621338
OCCUPATION_TYPE_MISSING,883.2350012461344,423.376161207932,463.6385974884033,1310.2923049926758
RECENT_STATUS_STATUS_NUM_mean,853.8039042154948,166.83028303536906,665.526403427124,983.2418098449707
EXT_SOURCE_3_MISSING,833.188756942749,148.77134750399253,737.4699935913086,1004.5849857330322
MONTHS_BALANCE_max_x,816.4597714742025,528.1164166121215,215.9362030029297,1208.5667095184326
EXT_SOURCE_2_LOG,791.6565265655518,537.912004648703,242.06219482421875,1317.070686340332
BUREAU_STATUS_2_RATIO,773.1168632507324,724.2236823838866,343.67980194091797,1609.2754955291748
EXT_SOURCE_1_MISSING,714.3190695444742,321.8716470948666,441.9346981048584,1069.500804901123
EXT_SOURCE_1_LOG,714.2534351348877,382.9827180245056,386.4362030029297,1135.2178020477295
FLAG_DOCUMENT_18,705.5066350301107,584.0676177793124,233.38560104370117,1358.65380859375
FLAG_DOCUMENT_6,658.4656963348389,116.15544788181954,551.9166927337646,782.2920970916748
AMT_REQ_CREDIT_BUREAU_WEEK,654.1161689758301,393.75093137846216,266.07849884033203,1053.3419017791748
OLD_STATUS_STATUS_NUM_max,547.6106980641683,168.29158218366774,423.48999977111816,739.1607990264893
FLAG_EMAIL,487.4332326253255,409.3498819845165,142.20669555664062,939.6557006835938
LIVE_REGION_NOT_WORK_REGION,457.5655008951823,174.0383240120557,258.2396011352539,579.3921031951904
SK_DPD_DEF_sum_y,438.80949783325195,207.24433615796428,221.30480194091797,633.9851951599121
REG_REGION_NOT_WORK_REGION,421.2056001027425,36.59528983669306,380.83790016174316,452.20849990844727
FLAG_DOCUMENT_11,358.66809972127277,245.13077570433157,83.89839935302734,554.9197998046875
AMT_REQ_CREDIT_BUREAU_DAY,342.47153155008954,305.8820827310984,123.28840255737305,691.9232959747314
RECENT_CREDIT_DAY_OVERDUE_max,318.0330053965251,288.3403213821786,0.0,562.3806076049805
REG_REGION_NOT_LIVE_REGION,312.6781012217204,358.9978538776701,81.91239929199219,726.2888050079346
CC_DPD_TREND,293.01626777648926,230.37754437154888,27.020200729370117,428.90950202941895
FLAG_DOCUMENT_13,289.53440221150714,481.6685803094064,0.0,845.5582065582275
PAYMENT_STATUS_TREND,275.26293563842773,216.7839397669951,144.55670166015625,525.5003051757812
STATUS_NUMERIC_max,267.25029945373535,20.57596546291106,254.29719924926758,290.97600173950195
SK_DPD_max_y,266.06199836730957,235.02225034067314,0.0,445.3932991027832
EMERGENCYSTATE_MODE,255.3784008026123,87.44663412641448,188.0739974975586,354.21880531311035
BUREAU_STATUS_3_RATIO,227.93063354492188,231.4092603660599,60.650800704956055,492.0236988067627
HOUSETYPE_MODE,224.57636642456055,157.8504495159349,81.08819961547852,393.6606979370117
CNT_CREDIT_PROLONG_sum,209.46549860636392,113.29427453532082,136.45919799804688,339.98009872436523
RECENT_CREDIT_DAY_OVERDUE_mean,204.62466748555502,195.97372161941743,0.0,390.6165008544922
FLAG_DOCUMENT_5,187.7570654551188,325.2047768483011,0.0,563.2711963653564
CREDIT_DAY_OVERDUE_max,164.1163673400879,112.19162294975476,35.22600173950195,239.84939765930176
CREDIT_DAY_OVERDUE_mean,161.9086659749349,112.75833191250966,69.90250015258789,287.6963996887207
BUREAU_STATUS_5_RATIO,141.13309733072916,121.19068475109226,63.80149841308594,280.8040943145752
RECENT_STATUS_STATUS_NUM_sum,137.65246645609537,135.64120304363024,39.113399505615234,292.3547992706299
SK_DPD_DEF_max_y,133.39646593729654,112.58215851086386,34.123199462890625,255.71979904174805
FLAG_DOCUMENT_16,88.71513239542644,82.3408340430663,0.0,162.69079971313477
FLAG_EMP_PHONE,84.32400004069011,73.25875354650135,0.0,132.31199645996094
BUREAU_STATUS_4_RATIO,83.23313331604004,92.69983945652478,0.0,183.137300491333
OVERDUE_TREND,62.752132415771484,79.87270160794417,0.0,152.66259765625
CC_RECENT_SK_DPD_DEF_max,60.65910085042318,64.8370527194493,19.029800415039062,135.36340141296387
CC_RECENT_SK_DPD_DEF_sum,55.67913309733073,48.58149147087149,0.0,89.43789863586426
CNT_CREDIT_PROLONG_max,53.380167643229164,66.10732288620152,0.0,127.32590103149414
FLAG_DOCUMENT_9,51.43949890136719,44.555600581899256,0.0,77.98690032958984
CC_RECENT_SK_DPD_max,48.981232325236,43.48196502413242,0.0,83.02749824523926
RECENT_STATUS_STATUS_NUM_max,41.0212656656901,42.70602992130603,0.0,85.23309707641602
DAYS_EMPLOYED_ANOMALY,33.833333333333336,58.601052322747016,0.0,101.5
CC_RECENT_SK_DPD_mean,25.884066263834637,44.83251787544111,0.0,77.6521987915039
AMT_REQ_CREDIT_BUREAU_HOUR,21.9430669148763,20.11271809243001,0.0,39.50230026245117
CC_OLD_SK_DPD_mean,21.78053347269694,37.7249905906657,0.0,65.34160041809082
CC_RECENT_SK_DPD_sum,18.461100260416668,17.626402209322464,0.0,35.11330032348633
FLAG_DOCUMENT_14,9.38616689046224,16.25731794260138,0.0,28.15850067138672
FLAG_DOCUMENT_20,0.0,0.0,0.0,0.0
FLAG_DOCUMENT_17,0.0,0.0,0.0,0.0
FLAG_DOCUMENT_15,0.0,0.0,0.0,0.0
FLAG_DOCUMENT_2,0.0,0.0,0.0,0.0
FLAG_DOCUMENT_19,0.0,0.0,0.0,0.0
FLAG_DOCUMENT_7,0.0,0.0,0.0,0.0
FLAG_CONT_MOBILE,0.0,0.0,0.0,0.0
EXT_SOURCE_2_MISSING,0.0,0.0,0.0,0.0
FLAG_DOCUMENT_12,0.0,0.0,0.0,0.0
FLAG_DOCUMENT_10,0.0,0.0,0.0,0.0
FLAG_MOBIL,0.0,0.0,0.0,0.0
FLAG_DOCUMENT_4,0.0,0.0,0.0,0.0
FLAG_DOCUMENT_21,0.0,0.0,0.0,0.0
AMT_ANNUITY_MISSING,0.0,0.0,0.0,0.0
